jobId,monthlySalary,educationRequirement
0,1600.0,HighSchoolOrCollege
1,3554.8213376000003,Bachelors
2,1600.0,Bachelors
3,2449.9313024,Bachelors
4,3416.8654864,HighSchoolOrCollege
5,1935.0121104,HighSchoolOrCollege
6,3495.3899232,HighSchoolOrCollege
7,2994.1108912,Low
8,2139.2691919999997,Bachelors
9,3924.5328704000003,Graduate
10,1926.5124832000001,HighSchoolOrCollege
11,1761.8003392,Graduate
12,3499.2689408,Bachelors
13,2683.5775968000003,Bachelors
14,2073.1957568000003,HighSchoolOrCollege
15,1600.0,HighSchoolOrCollege
16,2797.1751008,HighSchoolOrCollege
17,1600.0,HighSchoolOrCollege
18,4049.0888784,Graduate
19,2719.8348287999997,Bachelors
20,3189.0567951999997,Bachelors
21,11348.5684608,Bachelors
22,1879.4210992,HighSchoolOrCollege
23,4594.7331952,Bachelors
24,12018.300603200001,Graduate
25,3661.9379071999997,HighSchoolOrCollege
26,3282.0266288,Low
27,5108.6588816,Bachelors
28,6385.921068799999,Bachelors
29,5911.7312416,HighSchoolOrCollege
30,3505.7417584,HighSchoolOrCollege
31,1600.0,Bachelors
32,2020.0775792,Graduate
33,1600.0,HighSchoolOrCollege
34,3379.9689663999998,Bachelors
35,4850.8849824,Graduate
36,2415.270584,Bachelors
37,1600.0,HighSchoolOrCollege
38,1752.0387152,HighSchoolOrCollege
39,5314.491652799999,Bachelors
40,1600.0,HighSchoolOrCollege
41,3543.86148,Graduate
42,2425.691728,HighSchoolOrCollege
43,1600.0,HighSchoolOrCollege
44,4909.8738144,Graduate
45,1600.0,HighSchoolOrCollege
46,2573.6000976000005,Bachelors
47,2764.0807344,HighSchoolOrCollege
48,3189.9198064,HighSchoolOrCollege
49,3346.3736160000003,Bachelors
50,6450.7252544,Bachelors
51,1755.0159664,HighSchoolOrCollege
52,2716.706992,HighSchoolOrCollege
53,2076.5590864,Bachelors
54,1750.858696,HighSchoolOrCollege
55,3251.4772976,Graduate
56,1818.566304,HighSchoolOrCollege
57,7260.0517488000005,Bachelors
58,1600.0,HighSchoolOrCollege
59,1600.0,HighSchoolOrCollege
60,1728.5566159999998,HighSchoolOrCollege
61,2385.0984783999997,HighSchoolOrCollege
62,5066.219688,Graduate
63,1600.0,HighSchoolOrCollege
64,2532.0136192,HighSchoolOrCollege
65,1600.0,HighSchoolOrCollege
66,4602.0271936,HighSchoolOrCollege
67,3730.7299968,Graduate
68,3551.4781055999997,Bachelors
69,3874.860776,HighSchoolOrCollege
70,1600.0,Low
71,7464.9306592,Graduate
72,1657.0815264,Bachelors
73,1600.0,HighSchoolOrCollege
74,1600.0,HighSchoolOrCollege
75,1600.0,Low
76,10284.9774976,Graduate
77,1600.0,Low
78,3455.7127872,HighSchoolOrCollege
79,5849.1596976,Bachelors
80,4066.9268,Low
81,3632.6714288,Bachelors
82,4088.897008,HighSchoolOrCollege
83,2942.498344,HighSchoolOrCollege
84,3074.7330592,Bachelors
85,4643.708232,Graduate
86,1600.0,HighSchoolOrCollege
87,1936.248888,HighSchoolOrCollege
88,1600.0,Low
89,1627.0085712,HighSchoolOrCollege
90,2356.4283104,HighSchoolOrCollege
91,2409.2405823999998,HighSchoolOrCollege
92,1600.0,Bachelors
93,2139.3641168,HighSchoolOrCollege
94,2233.3339183999997,HighSchoolOrCollege
95,5068.7655392,Graduate
96,1600.0,HighSchoolOrCollege
97,1874.4044672,HighSchoolOrCollege
98,4730.1680656,Bachelors
99,4587.8634784000005,Graduate
100,2918.7932576,HighSchoolOrCollege
101,1600.0,HighSchoolOrCollege
102,2982.4252464,HighSchoolOrCollege
103,1653.2210928,Bachelors
104,1600.0,HighSchoolOrCollege
105,1600.0,HighSchoolOrCollege
106,1600.0,HighSchoolOrCollege
107,1962.8452576,HighSchoolOrCollege
108,1799.2704112000001,HighSchoolOrCollege
109,5567.8107279999995,Bachelors
110,2649.7413072,Bachelors
111,2441.5082112,HighSchoolOrCollege
112,4567.8300656,HighSchoolOrCollege
113,1800.7299104,Low
114,3398.8090192,Bachelors
115,4438.5599839999995,HighSchoolOrCollege
116,1600.0,HighSchoolOrCollege
117,1764.6181056,HighSchoolOrCollege
118,1600.0,Low
119,2545.3717728,HighSchoolOrCollege
120,3865.161632,Bachelors
121,3133.971016,Bachelors
122,1600.0,HighSchoolOrCollege
123,2056.3906112,Graduate
124,1600.0,HighSchoolOrCollege
125,2537.7170143999997,HighSchoolOrCollege
126,1600.0,HighSchoolOrCollege
127,3537.3337648,Bachelors
128,3110.6244079999997,Graduate
129,2675.5735904,HighSchoolOrCollege
130,2647.4315072,Graduate
131,4388.6457216,Bachelors
132,2340.3690512,HighSchoolOrCollege
133,2262.6985728,HighSchoolOrCollege
134,2075.4674976,HighSchoolOrCollege
135,1600.0,HighSchoolOrCollege
136,2166.2873488,HighSchoolOrCollege
137,1600.0,Bachelors
138,2331.4366784,Bachelors
139,6381.604694400001,Graduate
140,3240.1527568,HighSchoolOrCollege
141,3973.1475472,Bachelors
142,3148.7803776,Graduate
143,1930.8240448000001,HighSchoolOrCollege
144,1600.0,HighSchoolOrCollege
145,1600.0,HighSchoolOrCollege
146,1899.3948896000002,HighSchoolOrCollege
147,3545.2513391999996,Graduate
148,1600.0,HighSchoolOrCollege
149,1918.7605408,Bachelors
150,4046.6632448,Bachelors
151,1620.0385936,Graduate
152,2222.9347072,HighSchoolOrCollege
153,2059.2336944,HighSchoolOrCollege
154,3482.5534832,HighSchoolOrCollege
155,5259.2206559999995,Graduate
156,2864.2877792,HighSchoolOrCollege
157,3254.1199951999997,Graduate
158,8404.7789408,Graduate
159,5200.1608048,HighSchoolOrCollege
160,1600.0,HighSchoolOrCollege
161,4062.6637183999997,HighSchoolOrCollege
162,2322.3755840000003,Graduate
163,1909.6705936,HighSchoolOrCollege
164,1600.0,HighSchoolOrCollege
165,1600.0,Low
166,3837.4699487999997,HighSchoolOrCollege
167,1850.8219664,HighSchoolOrCollege
168,1751.6277696,Bachelors
169,5860.408201599999,Bachelors
170,1600.0,HighSchoolOrCollege
171,3463.505624,Bachelors
172,2569.643456,HighSchoolOrCollege
173,2556.4364448,HighSchoolOrCollege
174,4440.0288992,Graduate
175,1600.0,HighSchoolOrCollege
176,1600.0,HighSchoolOrCollege
177,7856.429739200001,Bachelors
178,1896.2776176,Bachelors
179,1600.0,HighSchoolOrCollege
180,1600.0,Low
181,1600.0,HighSchoolOrCollege
182,1976.1862144,HighSchoolOrCollege
183,1781.0675056,HighSchoolOrCollege
184,1777.7014528,HighSchoolOrCollege
185,1600.0,Low
186,1600.0,Bachelors
187,1850.6572336,HighSchoolOrCollege
188,1900.2330127999999,Graduate
189,5004.0836976,Bachelors
190,5493.662691199999,Graduate
191,3382.7775296,Low
192,2365.1142704,HighSchoolOrCollege
193,5267.257918400001,Graduate
194,4881.830464000001,HighSchoolOrCollege
195,5038.088632,Bachelors
196,2116.0467664000003,HighSchoolOrCollege
197,2150.209944,HighSchoolOrCollege
198,1600.0,HighSchoolOrCollege
199,1600.0,HighSchoolOrCollege
200,3549.3679232,Bachelors
201,2007.466824,HighSchoolOrCollege
202,6951.335102399999,Bachelors
203,2983.1442543999997,HighSchoolOrCollege
204,1600.0,HighSchoolOrCollege
205,5233.7386096,Bachelors
206,8162.3311632,Bachelors
207,5534.836660800001,Graduate
208,2544.2343888,HighSchoolOrCollege
209,2865.2187296,Bachelors
210,3839.915592,Bachelors
211,1724.7069824,Low
212,13277.3993744,Graduate
213,1648.1061904,HighSchoolOrCollege
214,4452.458035199999,HighSchoolOrCollege
215,2207.0930048,HighSchoolOrCollege
216,1600.0,HighSchoolOrCollege
217,3058.4813631999996,HighSchoolOrCollege
218,1600.0,Low
219,2909.2095744,Bachelors
220,2840.1615408,HighSchoolOrCollege
221,1600.0,HighSchoolOrCollege
222,4743.1029184,HighSchoolOrCollege
223,1772.33116,Low
224,3257.9891376,HighSchoolOrCollege
225,3121.5204992000004,HighSchoolOrCollege
226,3458.5628336,HighSchoolOrCollege
227,2119.7235888,HighSchoolOrCollege
228,1600.0,Low
229,1915.782136,HighSchoolOrCollege
230,2092.4734656,HighSchoolOrCollege
231,1769.4592096,Bachelors
232,2895.0095312000003,HighSchoolOrCollege
233,4227.1617568,Graduate
234,4589.3199632,Graduate
235,1959.8622384,HighSchoolOrCollege
236,2192.5917712,HighSchoolOrCollege
237,1600.0,HighSchoolOrCollege
238,1600.0,HighSchoolOrCollege
239,1742.5006656,HighSchoolOrCollege
240,1600.0,HighSchoolOrCollege
241,1655.225824,HighSchoolOrCollege
242,1600.0,HighSchoolOrCollege
243,5255.8204272,Graduate
244,2421.8944384,HighSchoolOrCollege
245,1600.0,HighSchoolOrCollege
246,1600.0,HighSchoolOrCollege
247,3184.7823296,HighSchoolOrCollege
248,8172.8392064,Graduate
249,1600.0,HighSchoolOrCollege
250,2704.7239136000003,HighSchoolOrCollege
251,2968.9510128,Low
252,4041.4296112,HighSchoolOrCollege
253,2843.8981711999995,HighSchoolOrCollege
254,8225.600056,HighSchoolOrCollege
255,4456.0459504,Bachelors
256,6710.4853072000005,Graduate
257,3662.0280736,Graduate
258,1600.0,HighSchoolOrCollege
259,3444.4374319999997,Graduate
260,1600.0,HighSchoolOrCollege
261,1600.0,Low
262,1600.0,Low
263,2450.7049936000003,Bachelors
264,3136.6228656,Bachelors
265,9470.0707104,Graduate
266,2047.570992,HighSchoolOrCollege
267,5904.1658336,Bachelors
268,1600.0,Low
269,3982.6028447999997,HighSchoolOrCollege
270,5319.4036048,Bachelors
271,1967.28748,Graduate
272,1600.0,HighSchoolOrCollege
273,4213.0302496,HighSchoolOrCollege
274,1924.2192048000002,Bachelors
275,5017.22616,Graduate
276,1600.0,HighSchoolOrCollege
277,4054.0510192,Bachelors
278,16000.0,Graduate
279,2521.9905456,Bachelors
280,2122.9212912,HighSchoolOrCollege
281,2270.2245104,HighSchoolOrCollege
282,3280.5331392,HighSchoolOrCollege
283,2986.6983695999998,Bachelors
284,2198.3017744,Low
285,7693.2309488,Graduate
286,13042.9686784,Graduate
287,1600.0,Bachelors
288,3655.916728,Graduate
289,1600.0,Low
290,2186.9395312,HighSchoolOrCollege
291,1730.8537632,HighSchoolOrCollege
292,3099.4286528,HighSchoolOrCollege
293,2701.3452640000005,HighSchoolOrCollege
294,1730.6373232,Low
295,1600.0,Bachelors
296,2505.197336,Bachelors
297,8686.4082864,Bachelors
298,5907.0196016,Bachelors
299,1845.8097567999998,HighSchoolOrCollege
300,1939.5852768,Bachelors
301,2095.2231871999998,Low
302,2434.490608,Graduate
303,2041.7820512,HighSchoolOrCollege
304,1831.1012127999998,HighSchoolOrCollege
305,4478.7992912,HighSchoolOrCollege
306,3531.3315344000002,Graduate
307,1600.0,HighSchoolOrCollege
308,1600.0,HighSchoolOrCollege
309,1600.0,HighSchoolOrCollege
310,1896.7677472,Low
311,1894.5133424,Bachelors
312,1600.0,HighSchoolOrCollege
313,2596.8776976,HighSchoolOrCollege
314,1614.5896704000002,HighSchoolOrCollege
315,3092.3009168,Graduate
316,6122.8125504,HighSchoolOrCollege
317,1600.0,HighSchoolOrCollege
318,2839.1282512,Bachelors
319,3675.0577728000003,Low
320,7493.743912,Graduate
321,1600.0,HighSchoolOrCollege
322,5461.097744,Graduate
323,5061.9314176,Graduate
324,3744.2510352,Graduate
325,2590.9731599999996,HighSchoolOrCollege
326,1622.4273712,Bachelors
327,1600.0,Low
328,2690.1243247999996,Bachelors
329,3010.1359423999997,Bachelors
330,5156.788374400001,Bachelors
331,2508.6614560000003,Bachelors
332,3046.9879279999996,Bachelors
333,3545.8939424,Bachelors
334,2639.224504,HighSchoolOrCollege
335,1600.0,HighSchoolOrCollege
336,4777.448422400001,Bachelors
337,1927.4426879999999,HighSchoolOrCollege
338,2507.2130944,HighSchoolOrCollege
339,3552.1177968,HighSchoolOrCollege
340,2634.3856304,HighSchoolOrCollege
341,1745.1194143999999,Low
342,5312.4498864,HighSchoolOrCollege
343,1867.4353311999998,HighSchoolOrCollege
344,5335.8195808,Graduate
345,5777.7522864,Graduate
346,1600.0,HighSchoolOrCollege
347,3871.6006224000002,Bachelors
348,6334.9123152,HighSchoolOrCollege
349,2402.8973808,Bachelors
350,1902.6998528,Bachelors
351,2314.2300336,Low
352,1600.0,HighSchoolOrCollege
353,3022.7416912,Graduate
354,5050.0393712,Graduate
355,1600.0,HighSchoolOrCollege
356,3329.9308736000003,HighSchoolOrCollege
357,3763.8718512000005,HighSchoolOrCollege
358,3976.1227808000003,HighSchoolOrCollege
359,4188.9195488000005,HighSchoolOrCollege
360,2260.2388,Bachelors
361,8713.782439999999,Graduate
362,1600.0,HighSchoolOrCollege
363,4139.2751616,HighSchoolOrCollege
364,1600.0,HighSchoolOrCollege
365,1600.0,HighSchoolOrCollege
366,4992.415816000001,Bachelors
367,5363.1976864,HighSchoolOrCollege
368,2906.1475087999997,HighSchoolOrCollege
369,1600.0,HighSchoolOrCollege
370,1600.0,HighSchoolOrCollege
371,1600.0,Low
372,1879.703488,HighSchoolOrCollege
373,2779.8219728,Low
374,5626.7388784,Graduate
375,5471.5847664,Bachelors
376,1600.0,Bachelors
377,1600.0,HighSchoolOrCollege
378,2137.6931776,Bachelors
379,2221.6962624000003,Low
380,1600.0,HighSchoolOrCollege
381,4918.4530927999995,Graduate
382,2280.6637488,HighSchoolOrCollege
383,1600.0,Low
384,1600.0,HighSchoolOrCollege
385,9679.7856192,Bachelors
386,1985.5512496000001,Bachelors
387,2583.5513792,Bachelors
388,1600.0,HighSchoolOrCollege
389,2500.7601600000003,Bachelors
390,1845.6465520000002,HighSchoolOrCollege
391,1600.0,HighSchoolOrCollege
392,3074.6738768,Graduate
393,1600.0,HighSchoolOrCollege
394,1748.3193952,HighSchoolOrCollege
395,1600.0,HighSchoolOrCollege
396,2925.7188624,Bachelors
397,1600.0,Low
398,3702.0428096,HighSchoolOrCollege
399,3392.6255152,Graduate
400,1600.0,Low
401,3299.2842464,Graduate
402,3439.2894768,Low
403,1736.1429567999999,Low
404,2028.2565823999998,HighSchoolOrCollege
405,2257.3466928,Low
406,1600.0,HighSchoolOrCollege
407,2278.8350496000003,HighSchoolOrCollege
408,1600.0,HighSchoolOrCollege
409,2812.4774639999996,HighSchoolOrCollege
410,1600.0,HighSchoolOrCollege
411,1828.5842367999999,HighSchoolOrCollege
412,1600.0,Low
413,2758.7382159999997,HighSchoolOrCollege
414,1646.8688272,HighSchoolOrCollege
415,2765.5280448000003,Bachelors
416,1600.0,HighSchoolOrCollege
417,2505.3489632,HighSchoolOrCollege
418,1980.9285535999998,HighSchoolOrCollege
419,1600.0,HighSchoolOrCollege
420,4901.1568,HighSchoolOrCollege
421,1600.0,HighSchoolOrCollege
422,1600.0,HighSchoolOrCollege
423,1972.5296064,HighSchoolOrCollege
424,2736.4347344,Bachelors
425,1637.4801296,HighSchoolOrCollege
426,1600.0,Bachelors
427,1600.0,Low
428,4441.0835872,Graduate
429,2126.4856864000003,Low
430,2211.6397808,HighSchoolOrCollege
431,1600.0,Low
432,2031.145888,HighSchoolOrCollege
433,1600.0,HighSchoolOrCollege
434,8156.8260848,Bachelors
435,6621.8943632,Graduate
436,6887.1553263999995,Graduate
437,1600.0,HighSchoolOrCollege
438,2449.9580336,HighSchoolOrCollege
439,1600.0,HighSchoolOrCollege
440,2045.6930367999998,Bachelors
441,1600.0,HighSchoolOrCollege
442,1857.700496,HighSchoolOrCollege
443,6527.713184,Bachelors
444,1600.0,Bachelors
445,1600.0,HighSchoolOrCollege
446,2182.1314928,HighSchoolOrCollege
447,2003.2746208,Low
448,1600.0,Low
449,2254.5389744,HighSchoolOrCollege
450,3122.8070368,Bachelors
451,2696.1258864,HighSchoolOrCollege
452,1600.0,HighSchoolOrCollege
453,2868.1558560000003,Bachelors
454,5182.5402816,HighSchoolOrCollege
455,2989.8161728000005,HighSchoolOrCollege
456,1600.0,Bachelors
457,2055.1033408000003,Graduate
458,2274.1996832,Bachelors
459,1600.0,HighSchoolOrCollege
460,1600.0,HighSchoolOrCollege
461,11474.2935088,Graduate
462,4268.9253888,Bachelors
463,2004.1778479999998,HighSchoolOrCollege
464,2829.2512048,Bachelors
465,1600.0,HighSchoolOrCollege
466,11867.7937008,Graduate
467,2114.2781648,HighSchoolOrCollege
468,1600.0,Low
469,4443.3220848,Graduate
470,4535.7700512,HighSchoolOrCollege
471,7185.4404192,Graduate
472,1618.39196,HighSchoolOrCollege
473,1910.6887216,HighSchoolOrCollege
474,2267.8213456,HighSchoolOrCollege
475,2257.1055728,HighSchoolOrCollege
476,1600.0,Bachelors
477,1600.0,HighSchoolOrCollege
478,2619.2589008,HighSchoolOrCollege
479,2606.7966688,HighSchoolOrCollege
480,5538.6847392,Graduate
481,4140.3209216,Bachelors
482,1623.1769104,Bachelors
483,5481.989764800001,Graduate
484,2981.726448,Bachelors
485,3407.7133248,HighSchoolOrCollege
486,2024.100464,HighSchoolOrCollege
487,1917.8660016000001,Bachelors
488,2836.8085504,Bachelors
489,4252.089112,HighSchoolOrCollege
490,3295.7556688,Bachelors
491,2223.5245856,Bachelors
492,1807.6936688,Bachelors
493,2880.3588511999997,Low
494,5840.339073599999,Bachelors
495,1600.0,Low
496,5612.175568000001,Bachelors
497,2556.9629631999996,Bachelors
498,2241.2925311999998,HighSchoolOrCollege
499,1600.0,HighSchoolOrCollege
500,1600.0,HighSchoolOrCollege
501,1622.470008,HighSchoolOrCollege
502,1600.0,HighSchoolOrCollege
503,10166.655152,Graduate
504,1600.0,Low
505,2437.5810656,HighSchoolOrCollege
506,1722.5592304,HighSchoolOrCollege
507,3295.337824,Bachelors
508,2406.31012,Low
509,1831.611512,HighSchoolOrCollege
510,2028.5337247999998,HighSchoolOrCollege
511,1600.0,Low
512,4459.8071744,Bachelors
513,2661.7909744000003,Bachelors
514,5095.5267808,Bachelors
515,1604.8711936,Bachelors
516,1600.0,HighSchoolOrCollege
517,1600.0,Bachelors
518,2510.918936,HighSchoolOrCollege
519,2361.5795856,HighSchoolOrCollege
520,5325.2161184,Graduate
521,3080.1617552,HighSchoolOrCollege
522,3930.4941264,Bachelors
523,1600.0,HighSchoolOrCollege
524,2149.3866752,Bachelors
525,1600.0,Low
526,1998.2028879999998,HighSchoolOrCollege
527,2464.5530672,Bachelors
528,1600.0,HighSchoolOrCollege
529,1632.3653152,HighSchoolOrCollege
530,2402.4461472,HighSchoolOrCollege
531,3740.6300528,Graduate
532,1600.0,Low
533,2235.104424,HighSchoolOrCollege
534,1975.5420559999998,Low
535,1600.0,HighSchoolOrCollege
536,2026.0379871999999,HighSchoolOrCollege
537,2126.4480672,Bachelors
538,2806.1304464,HighSchoolOrCollege
539,3270.1479360000003,HighSchoolOrCollege
540,3481.9465824000004,Bachelors
541,2738.5034624,HighSchoolOrCollege
542,7637.4087184,Graduate
543,3805.6663295999997,HighSchoolOrCollege
544,3901.5764528,Bachelors
545,3417.4665184000005,Bachelors
546,1600.0,HighSchoolOrCollege
547,2095.251264,HighSchoolOrCollege
548,2087.4917712,Low
549,12768.0519712,Graduate
550,3417.161504,Bachelors
551,1666.4823648000001,Low
552,2443.8845072,HighSchoolOrCollege
553,10351.493683199998,Graduate
554,2228.8781152,HighSchoolOrCollege
555,3731.38684,Bachelors
556,7122.3032256,Bachelors
557,1600.0,Bachelors
558,3042.261408,Bachelors
559,1613.6368031999998,HighSchoolOrCollege
560,3952.5901391999996,HighSchoolOrCollege
561,1600.0,HighSchoolOrCollege
562,1859.3305248,HighSchoolOrCollege
563,3599.4039728000002,HighSchoolOrCollege
564,2842.7948256,Graduate
565,4676.8501983999995,Bachelors
566,5035.146808,Graduate
567,1600.0,HighSchoolOrCollege
568,1600.0,HighSchoolOrCollege
569,2271.34784,HighSchoolOrCollege
570,3201.0719008,HighSchoolOrCollege
571,1600.0,HighSchoolOrCollege
572,1690.1110608,Low
573,3396.1745504,Graduate
574,1600.0,HighSchoolOrCollege
575,2318.8831808,HighSchoolOrCollege
576,4587.7976944,HighSchoolOrCollege
577,1600.0,HighSchoolOrCollege
578,2770.27848,HighSchoolOrCollege
579,1600.0,HighSchoolOrCollege
580,1941.2182192,HighSchoolOrCollege
581,10368.3018208,Bachelors
582,2371.2029279999997,HighSchoolOrCollege
583,2399.0409376,HighSchoolOrCollege
584,1600.0,Bachelors
585,5572.172904,HighSchoolOrCollege
586,2579.8933648,Bachelors
587,1955.6720576,HighSchoolOrCollege
588,2962.3239648,Graduate
589,1600.0,Low
590,4298.3893376,Bachelors
591,1600.0,HighSchoolOrCollege
592,1600.0,Low
593,1866.4917856,HighSchoolOrCollege
594,2227.761216,HighSchoolOrCollege
595,4044.0542895999997,HighSchoolOrCollege
596,1740.2096703999998,Bachelors
597,2281.5335504,HighSchoolOrCollege
598,2287.6058096,Bachelors
599,3757.4107008,Bachelors
600,1600.0,Bachelors
601,2729.8775664,HighSchoolOrCollege
602,1600.0,HighSchoolOrCollege
603,16000.0,Bachelors
604,1600.0,Low
605,1617.1102576,HighSchoolOrCollege
606,2533.7037792,HighSchoolOrCollege
607,2300.3640047999997,Graduate
608,2001.2515200000003,Low
609,3888.7444272,Graduate
610,3815.1994975999996,Bachelors
611,7847.3775712,Bachelors
612,8570.167611199999,Graduate
613,1600.0,HighSchoolOrCollege
614,2735.1122207999997,Graduate
615,2075.7362032,HighSchoolOrCollege
616,4652.8762336,HighSchoolOrCollege
617,3159.6859855999996,HighSchoolOrCollege
618,1600.0,HighSchoolOrCollege
619,1731.1847567999998,HighSchoolOrCollege
620,2699.051192,HighSchoolOrCollege
621,1600.0,HighSchoolOrCollege
622,6014.3186128,Graduate
623,3160.7193472,Graduate
624,5653.6063488,Graduate
625,5982.6035984,HighSchoolOrCollege
626,8771.4375664,Graduate
627,1600.0,Low
628,3013.8501711999997,HighSchoolOrCollege
629,2061.5609232,HighSchoolOrCollege
630,4939.1864448,HighSchoolOrCollege
631,1600.0,HighSchoolOrCollege
632,1605.2726848,HighSchoolOrCollege
633,4002.1519808,Graduate
634,3476.1952991999997,Bachelors
635,2300.7878,Bachelors
636,1600.0,HighSchoolOrCollege
637,1600.0,HighSchoolOrCollege
638,1600.0,Low
639,3227.1023952,Graduate
640,5026.8829552,Bachelors
641,2337.2685248,Bachelors
642,1828.493456,HighSchoolOrCollege
643,5021.3590256,Graduate
644,2544.8316752,HighSchoolOrCollege
645,2163.7588576,HighSchoolOrCollege
646,3470.8381759999997,Bachelors
647,1626.1950239999999,Bachelors
648,2131.4034096,HighSchoolOrCollege
649,2000.7983728,Bachelors
650,4725.1515152,HighSchoolOrCollege
651,3906.0608752000003,Bachelors
652,1679.3767263999998,HighSchoolOrCollege
653,2293.8099808,HighSchoolOrCollege
654,4593.2131232,Graduate
655,2205.0023328,Bachelors
656,2101.8092336,Low
657,2748.9048224,HighSchoolOrCollege
658,4634.1090576,HighSchoolOrCollege
659,3143.6104848000004,HighSchoolOrCollege
660,1663.2261632,HighSchoolOrCollege
661,4174.0549872,Bachelors
662,1735.1257664,HighSchoolOrCollege
663,2558.4959312,Bachelors
664,4815.5850576,Bachelors
665,1614.7896719999999,HighSchoolOrCollege
666,3088.3443216,Bachelors
667,1774.8443072,Bachelors
668,3850.5599552000003,Graduate
669,2708.6949151999997,HighSchoolOrCollege
670,2686.7938495999997,HighSchoolOrCollege
671,4232.6164016,Bachelors
672,3088.5494912000004,Bachelors
673,3360.9279023999998,HighSchoolOrCollege
674,3366.161144,Bachelors
675,1600.0,Low
676,2338.9585328000003,Bachelors
677,2152.4588608,HighSchoolOrCollege
678,3239.6020928000003,Bachelors
679,2184.973448,HighSchoolOrCollege
680,3920.5456127999996,Bachelors
681,1980.8829728,HighSchoolOrCollege
682,2401.0873776,Low
683,1703.1891152,HighSchoolOrCollege
684,2683.1151264,HighSchoolOrCollege
685,3256.7111183999996,HighSchoolOrCollege
686,4185.7306048,Bachelors
687,1600.0,HighSchoolOrCollege
688,1600.0,HighSchoolOrCollege
689,1836.7084528,HighSchoolOrCollege
690,4058.5115312,Bachelors
691,2643.292848,HighSchoolOrCollege
692,1600.0,HighSchoolOrCollege
693,3964.4077488,HighSchoolOrCollege
694,5481.845244800001,Graduate
695,1600.0,HighSchoolOrCollege
696,2083.6390864,HighSchoolOrCollege
697,10302.773809600001,Graduate
698,1688.7546048,Graduate
699,1959.3204431999998,HighSchoolOrCollege
700,1614.6652032,HighSchoolOrCollege
701,2045.2275776,HighSchoolOrCollege
702,4645.6839424,HighSchoolOrCollege
703,3625.3184128,HighSchoolOrCollege
704,1600.0,Low
705,6737.8983792,Graduate
706,2867.2973039999997,HighSchoolOrCollege
707,1721.0643135999999,Low
708,4170.7209376,Bachelors
709,4211.8114496,HighSchoolOrCollege
710,1600.0,HighSchoolOrCollege
711,3569.7001136,Bachelors
712,1600.0,HighSchoolOrCollege
713,1600.0,Low
714,4188.5152368,Bachelors
715,1600.0,HighSchoolOrCollege
716,2070.1748208,HighSchoolOrCollege
717,2130.6400928,HighSchoolOrCollege
718,2955.2182192,HighSchoolOrCollege
719,3595.3560272,HighSchoolOrCollege
720,1702.576272,HighSchoolOrCollege
721,6145.7471104,Bachelors
722,1600.0,HighSchoolOrCollege
723,5235.2139695999995,HighSchoolOrCollege
724,3390.4546368,HighSchoolOrCollege
725,2886.1139120000003,Bachelors
726,3283.008688,HighSchoolOrCollege
727,1600.0,HighSchoolOrCollege
728,6761.6456528,Graduate
729,3957.7862,Bachelors
730,5577.444609599999,HighSchoolOrCollege
731,1853.0003472,HighSchoolOrCollege
732,1600.0,HighSchoolOrCollege
733,4398.3214288,Bachelors
734,3148.5452304,Bachelors
735,2321.0993135999997,HighSchoolOrCollege
736,1647.2588592,HighSchoolOrCollege
737,3468.6340016000004,HighSchoolOrCollege
738,3235.7499744,HighSchoolOrCollege
739,1789.0527248,HighSchoolOrCollege
740,3881.0992944,HighSchoolOrCollege
741,4365.1016064,HighSchoolOrCollege
742,1619.2855168,Bachelors
743,3016.3504624,HighSchoolOrCollege
744,1812.2610848,HighSchoolOrCollege
745,1616.6123696,HighSchoolOrCollege
746,5714.396809600001,Graduate
747,3105.1635904,HighSchoolOrCollege
748,4151.0974256,HighSchoolOrCollege
749,1600.0,HighSchoolOrCollege
750,1600.0,HighSchoolOrCollege
751,1600.0,HighSchoolOrCollege
752,1600.0,HighSchoolOrCollege
753,1600.0,Bachelors
754,6106.891495999999,Graduate
755,2565.0033056,HighSchoolOrCollege
756,1768.9264272,HighSchoolOrCollege
757,1600.0,HighSchoolOrCollege
758,1600.0,HighSchoolOrCollege
759,5024.1983216,Bachelors
760,5025.847952,HighSchoolOrCollege
761,1600.0,Low
762,1600.0,HighSchoolOrCollege
763,1600.0,HighSchoolOrCollege
764,2533.6702896,HighSchoolOrCollege
765,1600.0,Low
766,1600.0,HighSchoolOrCollege
767,1600.0,HighSchoolOrCollege
768,2887.9520864,Bachelors
769,2216.105536,Bachelors
770,1906.1466176,HighSchoolOrCollege
771,2949.6957456,Bachelors
772,1600.0,HighSchoolOrCollege
773,3064.3873519999997,HighSchoolOrCollege
774,2091.5285136,HighSchoolOrCollege
775,1600.0,Low
776,2323.2809792,Low
777,4488.57668,Bachelors
778,1600.0,Low
779,1600.0,HighSchoolOrCollege
780,1600.0,HighSchoolOrCollege
781,7341.2491904,Graduate
782,3463.3525744000003,Bachelors
783,1880.6422496,Bachelors
784,4875.9746176,HighSchoolOrCollege
785,2427.4084608000003,HighSchoolOrCollege
786,5034.4849152,Bachelors
787,4161.6331376,HighSchoolOrCollege
788,3448.3787168,HighSchoolOrCollege
789,2408.0681936,HighSchoolOrCollege
790,6278.9077136000005,Graduate
791,5372.044872,Graduate
792,1600.0,HighSchoolOrCollege
793,3301.4557087999997,HighSchoolOrCollege
794,4615.1986959999995,Bachelors
795,1600.0,HighSchoolOrCollege
796,1985.1490992000001,HighSchoolOrCollege
797,1850.0219712,Low
798,2164.9083456,HighSchoolOrCollege
799,1606.5482943999998,HighSchoolOrCollege
800,1600.0,HighSchoolOrCollege
801,2396.01264,HighSchoolOrCollege
802,1600.0,HighSchoolOrCollege
803,10935.9552144,Bachelors
804,1600.0,Low
805,3846.2438928,HighSchoolOrCollege
806,2056.2802896,Bachelors
807,2097.71772,HighSchoolOrCollege
808,2346.3946256,HighSchoolOrCollege
809,1600.0,Low
810,4059.7082896,Graduate
811,1600.0,HighSchoolOrCollege
812,5776.0466528,Graduate
813,2558.0841408,HighSchoolOrCollege
814,2019.122568,Graduate
815,4279.7433696,Bachelors
816,3909.1216575999997,Bachelors
817,1688.890848,HighSchoolOrCollege
818,1877.9959984000002,HighSchoolOrCollege
819,2522.7694384,HighSchoolOrCollege
820,3348.878408,HighSchoolOrCollege
821,1989.0013344,Bachelors
822,1600.0,Bachelors
823,3278.2165919999998,Bachelors
824,8778.5035456,Bachelors
825,1825.5898704,HighSchoolOrCollege
826,1600.0,HighSchoolOrCollege
827,1600.0,HighSchoolOrCollege
828,2040.6604912,Bachelors
829,2108.917856,Bachelors
830,1600.0,HighSchoolOrCollege
831,3731.7320111999998,Graduate
832,5423.8404783999995,HighSchoolOrCollege
833,2818.7517648,Low
834,1600.0,HighSchoolOrCollege
835,1600.0,HighSchoolOrCollege
836,9118.9513584,Graduate
837,2985.2708783999997,HighSchoolOrCollege
838,1600.0,Low
839,8997.4970416,Bachelors
840,3065.3283504,HighSchoolOrCollege
841,2029.1329311999998,HighSchoolOrCollege
842,2281.1214288,Bachelors
843,2671.2470080000003,Graduate
844,2090.3457359999998,HighSchoolOrCollege
845,2058.4042719999998,HighSchoolOrCollege
846,1600.0,HighSchoolOrCollege
847,1600.0,Low
848,3162.9853200000002,HighSchoolOrCollege
849,4168.1668624,Graduate
850,1626.5607504,Low
851,2637.835336,Bachelors
852,3953.2059744,Graduate
853,7298.66752,Bachelors
854,1600.0,HighSchoolOrCollege
855,2393.3667888,HighSchoolOrCollege
856,1600.0,HighSchoolOrCollege
857,2562.4416464,HighSchoolOrCollege
858,3511.4991072,Graduate
859,2769.649448,HighSchoolOrCollege
860,1600.0,Bachelors
861,5119.0461984,Bachelors
862,3001.6095888,HighSchoolOrCollege
863,4366.869192,Bachelors
864,3845.8600032,HighSchoolOrCollege
865,3904.9429504,Bachelors
866,1600.0,HighSchoolOrCollege
867,1933.7417152,Bachelors
868,1600.0,HighSchoolOrCollege
869,1644.4166992,HighSchoolOrCollege
870,1600.0,HighSchoolOrCollege
871,1600.0,HighSchoolOrCollege
872,1600.0,HighSchoolOrCollege
873,2220.7707584,HighSchoolOrCollege
874,1600.0,Bachelors
875,1600.0,HighSchoolOrCollege
876,2700.9937552,HighSchoolOrCollege
877,1675.3661376,Bachelors
878,2114.5239824,Low
879,1600.0,HighSchoolOrCollege
880,1600.0,HighSchoolOrCollege
881,4142.2366672,HighSchoolOrCollege
882,1746.9994496000002,HighSchoolOrCollege
883,3101.7215168000002,HighSchoolOrCollege
884,1600.0,HighSchoolOrCollege
885,6466.1740864,Bachelors
886,2323.715808,HighSchoolOrCollege
887,2645.3158928,HighSchoolOrCollege
888,7500.189156799999,Graduate
889,1665.8307823999999,HighSchoolOrCollege
890,1999.11364,Bachelors
891,2952.3149008,Bachelors
892,1600.0,Low
893,1600.0,HighSchoolOrCollege
894,1657.0696208000002,HighSchoolOrCollege
895,3649.4281696000003,Bachelors
896,1681.4284576,HighSchoolOrCollege
897,2081.2086208,HighSchoolOrCollege
898,1675.525904,Low
899,1600.0,HighSchoolOrCollege
900,1600.0,HighSchoolOrCollege
901,3237.9941168,Bachelors
902,3667.8255648,Bachelors
903,3527.431288,Bachelors
904,2081.2171312,Bachelors
905,2231.1279248,HighSchoolOrCollege
906,1600.0,HighSchoolOrCollege
907,4708.7929296,Graduate
908,2507.7207344000003,Low
909,1934.5073344,HighSchoolOrCollege
910,3550.1887743999996,Bachelors
911,1600.0,HighSchoolOrCollege
912,1735.9120608,HighSchoolOrCollege
913,1600.0,HighSchoolOrCollege
914,4162.1298592,HighSchoolOrCollege
915,1600.0,HighSchoolOrCollege
916,1786.7659520000002,Bachelors
917,1600.0,Low
918,2088.2244127999998,Bachelors
919,1600.0,Bachelors
920,2984.80484,Bachelors
921,3405.0714272,Graduate
922,3121.9288128,Bachelors
923,1600.0,Low
924,3135.7788735999998,HighSchoolOrCollege
925,4428.9746576,HighSchoolOrCollege
926,2001.2010672,HighSchoolOrCollege
927,1600.0,HighSchoolOrCollege
928,1908.1574223999999,HighSchoolOrCollege
929,7228.2273248,HighSchoolOrCollege
930,1600.0,HighSchoolOrCollege
931,3452.4188224,HighSchoolOrCollege
932,13429.5140352,Graduate
933,2252.4047136,HighSchoolOrCollege
934,3207.40592,HighSchoolOrCollege
935,3598.5944288,HighSchoolOrCollege
936,3185.1150159999997,Graduate
937,3763.3639743999997,HighSchoolOrCollege
938,6468.148942399999,Graduate
939,1600.0,Low
940,6940.8177328,Bachelors
941,1600.0,Low
942,1600.0,Low
943,2450.8126976,HighSchoolOrCollege
944,6992.2204576,Graduate
945,3857.7867664,HighSchoolOrCollege
946,4377.2316832,Bachelors
947,1600.0,HighSchoolOrCollege
948,4946.4580080000005,Bachelors
949,1600.0,HighSchoolOrCollege
950,3085.8730064,HighSchoolOrCollege
951,2794.8160639999996,Bachelors
952,4567.3215008,Graduate
953,1600.0,HighSchoolOrCollege
954,2040.868104,HighSchoolOrCollege
955,2168.4100224,HighSchoolOrCollege
956,1600.0,HighSchoolOrCollege
957,1915.4928255999998,Graduate
958,3266.2293568,HighSchoolOrCollege
959,1600.0,HighSchoolOrCollege
960,11662.965168,Graduate
961,1600.0,HighSchoolOrCollege
962,2270.1898352,HighSchoolOrCollege
963,3580.0815999999995,Graduate
964,4235.3799456,HighSchoolOrCollege
965,2450.6440368,Bachelors
966,2069.881456,HighSchoolOrCollege
967,1833.5535791999998,HighSchoolOrCollege
968,2503.353584,Bachelors
969,3719.1735999999996,HighSchoolOrCollege
970,1600.0,Low
971,4122.5482032,Graduate
972,3340.2084528,HighSchoolOrCollege
973,1704.2809120000002,Bachelors
974,1600.0,HighSchoolOrCollege
975,1910.9460144,HighSchoolOrCollege
976,5234.1646416,Bachelors
977,2513.8851392,HighSchoolOrCollege
978,1600.0,HighSchoolOrCollege
979,1600.0,Graduate
980,4273.8149984,Bachelors
981,4122.1097104,Graduate
982,4734.8342352,Graduate
983,1600.0,Bachelors
984,2547.8944256,HighSchoolOrCollege
985,1600.0,HighSchoolOrCollege
986,2098.7051088000003,Bachelors
987,3393.2645136,Graduate
988,1924.3137823999998,Bachelors
989,1605.8266928,HighSchoolOrCollege
990,1600.0,HighSchoolOrCollege
991,1600.0,HighSchoolOrCollege
992,1600.0,HighSchoolOrCollege
993,1600.0,HighSchoolOrCollege
994,3261.5478752,HighSchoolOrCollege
995,1851.4298256000002,Bachelors
996,3436.8240287999997,HighSchoolOrCollege
997,1600.0,HighSchoolOrCollege
998,8852.9499248,Graduate
999,1603.7813696,HighSchoolOrCollege
1000,1600.0,HighSchoolOrCollege
1001,1881.475328,HighSchoolOrCollege
1002,4673.5622896,Graduate
1003,4891.7633872,Bachelors
1004,1600.0,HighSchoolOrCollege
1005,2762.8977792,HighSchoolOrCollege
1006,1600.0,HighSchoolOrCollege
1007,7842.9062784,Bachelors
1008,1837.844536,Low
1009,1600.0,HighSchoolOrCollege
1010,2212.9706032000004,Low
1011,3245.2368432,Bachelors
1012,1600.0,HighSchoolOrCollege
1013,3794.7991232,Bachelors
1014,3937.962536,HighSchoolOrCollege
1015,7381.045473599999,Graduate
1016,1600.0,HighSchoolOrCollege
1017,7588.472361599999,Bachelors
1018,1600.0,HighSchoolOrCollege
1019,10632.948135999999,Bachelors
1020,4046.5632544,Bachelors
1021,2088.8426351999997,HighSchoolOrCollege
1022,4501.5551584,Low
1023,1976.3231088,HighSchoolOrCollege
1024,12977.7780304,Graduate
1025,5255.925248,Graduate
1026,1600.0,Low
1027,2056.3646416,Bachelors
1028,4767.791712,Bachelors
1029,3180.7842496000003,Bachelors
1030,5416.6712864,Graduate
1031,4674.0455536,Bachelors
1032,2583.2093600000003,Bachelors
1033,5141.7927488,HighSchoolOrCollege
1034,4169.191928,HighSchoolOrCollege
1035,4769.5050832,HighSchoolOrCollege
1036,2721.712392,HighSchoolOrCollege
1037,4635.0269728,Low
1038,2365.2606112000003,HighSchoolOrCollege
1039,1600.0,HighSchoolOrCollege
1040,1600.0,HighSchoolOrCollege
1041,6413.2929024,Bachelors
1042,3787.6427744000002,Bachelors
1043,2197.0341744,Bachelors
1044,1793.255072,HighSchoolOrCollege
1045,1753.836096,HighSchoolOrCollege
1046,1600.0,HighSchoolOrCollege
1047,1600.0,HighSchoolOrCollege
1048,1600.0,HighSchoolOrCollege
1049,4008.4761328000004,HighSchoolOrCollege
1050,2768.49976,HighSchoolOrCollege
1051,3616.629352,Bachelors
1052,4734.4181424,HighSchoolOrCollege
1053,1600.0,HighSchoolOrCollege
1054,1628.0866144000001,HighSchoolOrCollege
1055,1600.0,Low
1056,5577.795376,Bachelors
1057,2047.0410752,HighSchoolOrCollege
1058,3103.8544208000003,HighSchoolOrCollege
1059,4125.1273344,Bachelors
1060,3076.6871024,HighSchoolOrCollege
1061,1600.0,Low
1062,6554.5999104,Graduate
1063,2903.9800256,Bachelors
1064,1600.0,HighSchoolOrCollege
1065,2825.0171504,Bachelors
1066,2335.757656,Low
1067,2459.9791248,HighSchoolOrCollege
1068,1600.0,Bachelors
1069,1600.0,Low
1070,2595.8885984,HighSchoolOrCollege
1071,3125.4799151999996,HighSchoolOrCollege
1072,1834.261352,HighSchoolOrCollege
1073,2205.0313936000002,HighSchoolOrCollege
1074,3221.8587536,Bachelors
1075,1746.2860704,HighSchoolOrCollege
1076,3538.8196624,Graduate
1077,6425.6149264,Bachelors
1078,1761.3470975999999,HighSchoolOrCollege
1079,2755.733824,HighSchoolOrCollege
1080,3110.4861664,Bachelors
1081,1989.454776,Bachelors
1082,7573.8728224,Bachelors
1083,1600.0,HighSchoolOrCollege
1084,2036.9129072,HighSchoolOrCollege
1085,2053.8103184,HighSchoolOrCollege
1086,1600.0,HighSchoolOrCollege
1087,2307.5470608,HighSchoolOrCollege
1088,1600.0,HighSchoolOrCollege
1089,1744.7057552,Bachelors
1090,1822.9692992,HighSchoolOrCollege
1091,1600.0,Low
1092,4953.5511472,Graduate
1093,3145.3070448,HighSchoolOrCollege
1094,3977.1344304000004,HighSchoolOrCollege
1095,2624.0912032,HighSchoolOrCollege
1096,2637.7229119999997,Bachelors
1097,6300.6137296,Bachelors
1098,1600.0,HighSchoolOrCollege
1099,1742.2724176,HighSchoolOrCollege
1100,2831.1954480000004,HighSchoolOrCollege
1101,2111.2526368,Bachelors
1102,1600.0,HighSchoolOrCollege
1103,3595.5721136,Bachelors
1104,2197.8125152000002,HighSchoolOrCollege
1105,3010.7145184,Bachelors
1106,1600.0,HighSchoolOrCollege
1107,1600.0,HighSchoolOrCollege
1108,3593.4216416,Bachelors
1109,6886.781041599999,Graduate
1110,3342.7539088,Graduate
1111,1600.0,HighSchoolOrCollege
1112,6133.2998624,Graduate
1113,1617.5907359999999,Low
1114,1800.9294335999998,HighSchoolOrCollege
1115,2266.36488,HighSchoolOrCollege
1116,1600.0,Bachelors
1117,3191.6523328,Bachelors
1118,3049.1491168,Bachelors
1119,1717.5919888,HighSchoolOrCollege
1120,2176.136152,HighSchoolOrCollege
1121,1600.0,Low
1122,1600.0,HighSchoolOrCollege
1123,2346.0165567999998,HighSchoolOrCollege
1124,2581.7980608,Bachelors
1125,1600.0,HighSchoolOrCollege
1126,1600.0,HighSchoolOrCollege
1127,1892.8868063999998,HighSchoolOrCollege
1128,7224.945583999999,Graduate
1129,1600.0,HighSchoolOrCollege
1130,1600.0,HighSchoolOrCollege
1131,3681.1713520000003,Graduate
1132,1986.5118656000002,HighSchoolOrCollege
1133,1600.0,HighSchoolOrCollege
1134,4096.0427504,Bachelors
1135,1666.983792,HighSchoolOrCollege
1136,4331.3173632,Graduate
1137,2418.4420959999998,HighSchoolOrCollege
1138,3197.1852128,Low
1139,4205.3991408,HighSchoolOrCollege
1140,1600.0,Low
1141,4874.2740224,HighSchoolOrCollege
1142,1600.0,HighSchoolOrCollege
1143,1775.917432,HighSchoolOrCollege
1144,2824.91196,Bachelors
1145,1600.0,HighSchoolOrCollege
1146,1600.0,Low
1147,9047.159726400001,Graduate
1148,3004.796104,Bachelors
1149,3482.1194128,Bachelors
1150,1791.067176,Bachelors
1151,1600.0,HighSchoolOrCollege
1152,3912.8078064,Bachelors
1153,2381.5258352,HighSchoolOrCollege
1154,1600.0,HighSchoolOrCollege
1155,2735.3059839999996,Low
1156,2523.1645856,Bachelors
1157,1822.4386336,HighSchoolOrCollege
1158,2535.8556928,Bachelors
1159,5120.505416,Graduate
1160,1600.0,HighSchoolOrCollege
1161,2105.4197552,HighSchoolOrCollege
1162,1655.9553744,Low
1163,6777.8571056,Bachelors
1164,3730.9449231999997,Bachelors
1165,2594.9041248,HighSchoolOrCollege
1166,1600.0,HighSchoolOrCollege
1167,1600.0,Bachelors
1168,1600.0,HighSchoolOrCollege
1169,1833.4701136,HighSchoolOrCollege
1170,1600.0,Low
1171,1810.3051392,HighSchoolOrCollege
1172,1600.0,HighSchoolOrCollege
1173,4500.3225728,Graduate
1174,9131.289064,Bachelors
1175,3499.9686448,Bachelors
1176,2960.056512,Bachelors
1177,2063.0829264,HighSchoolOrCollege
1178,1857.0343568,HighSchoolOrCollege
1179,7195.7051984,Bachelors
1180,1979.8419807999999,Bachelors
1181,2745.3297135999996,HighSchoolOrCollege
1182,2174.382048,HighSchoolOrCollege
1183,1600.0,Low
1184,2595.9736592,Low
1185,7191.4826496000005,Graduate
1186,2907.7909136,HighSchoolOrCollege
1187,4405.694744,Graduate
1188,4107.544704,Graduate
1189,4402.0819472,Graduate
1190,5019.0181936,Bachelors
1191,2808.5999904,HighSchoolOrCollege
1192,4331.3694656,Graduate
1193,4568.612528,Graduate
1194,2074.0830016,HighSchoolOrCollege
1195,2857.8077919999996,HighSchoolOrCollege
1196,1600.0,HighSchoolOrCollege
1197,1990.0081679999998,Bachelors
1198,2964.6242816,HighSchoolOrCollege
1199,2622.3499856,HighSchoolOrCollege
1200,2197.1025168,HighSchoolOrCollege
1201,2230.7689407999997,HighSchoolOrCollege
1202,1600.0,HighSchoolOrCollege
1203,2902.9952352,HighSchoolOrCollege
1204,2483.5983264,HighSchoolOrCollege
1205,5708.871128,HighSchoolOrCollege
1206,1600.0,HighSchoolOrCollege
1207,5126.473625600001,Bachelors
1208,3913.3626592,Graduate
1209,4995.4913744,Bachelors
1210,2179.6939216,HighSchoolOrCollege
1211,3875.6455696000003,Low
1212,3505.2602239999997,HighSchoolOrCollege
1213,1765.1027344,HighSchoolOrCollege
1214,1600.0,HighSchoolOrCollege
1215,2194.5984784,HighSchoolOrCollege
1216,1600.0,Low
1217,9796.506952,Graduate
1218,2544.4960128,HighSchoolOrCollege
1219,1600.0,HighSchoolOrCollege
1220,1995.1102624,HighSchoolOrCollege
1221,1881.991984,Bachelors
1222,1600.0,HighSchoolOrCollege
1223,1600.0,HighSchoolOrCollege
1224,4785.9782992,Graduate
1225,1600.0,HighSchoolOrCollege
1226,1600.0,HighSchoolOrCollege
1227,2424.9103984000003,Bachelors
1228,5186.7783808,HighSchoolOrCollege
1229,1600.0,Low
1230,3893.1026128000003,HighSchoolOrCollege
1231,4394.082512,Bachelors
1232,2194.409896,Bachelors
1233,4122.3782576,HighSchoolOrCollege
1234,3486.530664,Bachelors
1235,1600.0,HighSchoolOrCollege
1236,3473.2783152,Bachelors
1237,2117.1442512,Graduate
1238,3147.1311216,Bachelors
1239,1600.0,HighSchoolOrCollege
1240,4948.5198208,Bachelors
1241,2807.1439775999997,HighSchoolOrCollege
1242,4025.8523536000002,Bachelors
1243,3226.0366656,HighSchoolOrCollege
1244,12332.9357552,Bachelors
1245,3009.6778496,HighSchoolOrCollege
1246,3769.3473264,Bachelors
1247,1904.0377552,Low
1248,2007.5739488,Bachelors
1249,1600.0,HighSchoolOrCollege
1250,1600.0,HighSchoolOrCollege
1251,2938.466128,Bachelors
1252,1664.4502384,Bachelors
1253,2394.1481759999997,HighSchoolOrCollege
1254,7209.278352,Bachelors
1255,6592.6436688,Graduate
1256,9641.7659168,Bachelors
1257,3120.6802432,Bachelors
1258,2867.7565071999998,Graduate
1259,4723.942126399999,Graduate
1260,4394.078817600001,Graduate
1261,9112.8967024,Graduate
1262,2885.3436752,HighSchoolOrCollege
1263,4100.1692224,Bachelors
1264,5243.3212736,Bachelors
1265,3880.4763903999997,HighSchoolOrCollege
1266,2218.816864,HighSchoolOrCollege
1267,1600.0,HighSchoolOrCollege
1268,2318.2323904,Low
1269,2370.230992,HighSchoolOrCollege
1270,2896.4189807999996,HighSchoolOrCollege
1271,2935.0689088,HighSchoolOrCollege
1272,4995.4040752,Bachelors
1273,2174.1828656000002,HighSchoolOrCollege
1274,2703.8637568000004,HighSchoolOrCollege
1275,1600.0,HighSchoolOrCollege
1276,1600.0,HighSchoolOrCollege
1277,5868.7443184,Bachelors
1278,1600.0,HighSchoolOrCollege
1279,5686.223368,Graduate
1280,1739.1009264,HighSchoolOrCollege
1281,5791.0393408,Bachelors
1282,6908.695496,Bachelors
1283,3039.4045168000002,HighSchoolOrCollege
1284,1823.8129056,HighSchoolOrCollege
1285,2844.7858464,Bachelors
1286,3336.2448768000004,HighSchoolOrCollege
1287,3745.09148,Graduate
1288,1849.8591104,Low
1289,4728.2089824,Graduate
1290,1600.0,HighSchoolOrCollege
1291,2127.6001791999997,HighSchoolOrCollege
1292,1870.7249391999999,HighSchoolOrCollege
1293,1861.3917056,HighSchoolOrCollege
1294,5440.0092064,Graduate
1295,2110.2597023999997,HighSchoolOrCollege
1296,4554.2538944,HighSchoolOrCollege
1297,2799.6380335999997,Bachelors
1298,1730.6142671999999,HighSchoolOrCollege
1299,4425.2827712,HighSchoolOrCollege
1300,1913.5644736,HighSchoolOrCollege
1301,3220.9255904,HighSchoolOrCollege
1302,1600.0,Low
1303,7984.325366399999,Bachelors
1304,1828.7511903999998,HighSchoolOrCollege
1305,1600.0,HighSchoolOrCollege
1306,1600.0,HighSchoolOrCollege
1307,8541.5494816,Graduate
1308,2311.6786192,Low
1309,6165.7641568,Bachelors
1310,3266.6245024,Graduate
1311,1600.0,HighSchoolOrCollege
1312,2507.1917216,HighSchoolOrCollege
1313,4107.0972784000005,Bachelors
1314,6171.2217264,Graduate
1315,3484.9422895999996,Graduate
1316,2203.4335984,HighSchoolOrCollege
1317,4216.9185216,Bachelors
1318,1600.0,HighSchoolOrCollege
1319,2004.7852943999999,Bachelors
1320,2648.4298848,Bachelors
1321,9225.459056,Bachelors
1322,2405.3237008,HighSchoolOrCollege
1323,5946.648483200001,Graduate
1324,3810.4337568,Bachelors
1325,2098.8110304,HighSchoolOrCollege
1326,1600.0,HighSchoolOrCollege
1327,1909.2537232,Bachelors
